question,similarity,model,pdf
What is the main research problem or question addressed in the paper?,[[0.80879864]],MistralNemo,Analysis_Of_Medical_Data_Using_Data_Mini.pdf
What methodology or approach has been used to solve the problem or answer the question?,[[0.81321154]],MistralNemo,Analysis_Of_Medical_Data_Using_Data_Mini.pdf
What are the key findings or results of the study?,[[0.80013306]],MistralNemo,Analysis_Of_Medical_Data_Using_Data_Mini.pdf
What are the limitations of the research mentioned in the paper?,[[0.84694452]],MistralNemo,Analysis_Of_Medical_Data_Using_Data_Mini.pdf
How does this research build upon or differ from previous studies in the field?,[[0.81795007]],MistralNemo,Analysis_Of_Medical_Data_Using_Data_Mini.pdf
"What data or evidence has been used, and how was it collected or analyzed?",[[0.62215894]],MistralNemo,Analysis_Of_Medical_Data_Using_Data_Mini.pdf
What are the implications or practical applications of the findings?,[[0.86675449]],MistralNemo,Analysis_Of_Medical_Data_Using_Data_Mini.pdf
"What assumptions are made in the study, and are they justified?",[[0.85041072]],MistralNemo,Analysis_Of_Medical_Data_Using_Data_Mini.pdf
Are there any unanswered questions or suggested areas for future research?,[[0.76282194]],MistralNemo,Analysis_Of_Medical_Data_Using_Data_Mini.pdf
"How does the research contribute to its field, and why is it important?",[[0.87582577]],MistralNemo,Analysis_Of_Medical_Data_Using_Data_Mini.pdf
